Id,Label
Climate Change,Climate Change
national_water_commission,national_water_commission
unesco,unesco
Water Supply and Sanitation,Water Supply and Sanitation
unicef,unicef
sonede,sonede
cra,cra
onas,onas
inea,inea
Financing,Financing
united_nations,united_nations
ofwat,ofwat
waj,waj
ibge,ibge
environment_agency,environment_agency
k-water,k-water
eib,eib
unep,unep
national_water_authority,national_water_authority
iwa,iwa
ep,ep
Water Quality,Water Quality
tnc,tnc
adb,adb
molit,molit
transparency_international,transparency_international
Netherlands,Netherlands
Agriculture,Agriculture
inter-american_development_bank,inter-american_development_bank
aysa,aysa
cnrh,cnrh
unece,unece
ministry_of_economy_and_finance,ministry_of_economy_and_finance
jmp,jmp
merese,merese
un-water,un-water
Good Water Governance,Good Water Governance
inei,inei
Disaster Risk Management,Disaster Risk Management
asian_development_bank,asian_development_bank
conama,conama
ministry_of_health,ministry_of_health
usaid,usaid
national_water_agency,national_water_agency
ebrd,ebrd
euwi,euwi
mvcs,mvcs
gwi,gwi
