Source,Target
Water Supply and Sanitation,jmp
Water Supply and Sanitation,gwi
Water Supply and Sanitation,unicef
Water Supply and Sanitation,adb
Water Supply and Sanitation,waj
Water Supply and Sanitation,eib
Water Supply and Sanitation,national_water_agency
Water Supply and Sanitation,ebrd
Water Supply and Sanitation,usaid
Water Supply and Sanitation,sonede
Agriculture,un-water
Agriculture,asian_development_bank
Agriculture,unep
Agriculture,iwa
Agriculture,united_nations
Agriculture,national_water_authority
Agriculture,unesco
Agriculture,unece
Agriculture,euwi
Agriculture,ofwat
Good Water Governance,jmp
Good Water Governance,gwi
Good Water Governance,unicef
Good Water Governance,adb
Good Water Governance,waj
Good Water Governance,eib
Good Water Governance,national_water_agency
Good Water Governance,ebrd
Good Water Governance,usaid
Good Water Governance,sonede
Financing,jmp
Financing,gwi
Financing,unicef
Financing,adb
Financing,waj
Financing,eib
Financing,national_water_agency
Financing,ebrd
Financing,usaid
Financing,sonede
Water Quality,un-water
Water Quality,asian_development_bank
Water Quality,unep
Water Quality,iwa
Water Quality,united_nations
Water Quality,national_water_authority
Water Quality,unesco
Water Quality,unece
Water Quality,euwi
Water Quality,ofwat
Netherlands,tnc
Netherlands,cra
Netherlands,conama
Netherlands,inter-american_development_bank
Netherlands,ep
Netherlands,ibge
Netherlands,inei
Netherlands,transparency_international
Netherlands,ministry_of_economy_and_finance
Netherlands,ministry_of_health
Disaster Risk Management,un-water
Disaster Risk Management,asian_development_bank
Disaster Risk Management,unep
Disaster Risk Management,iwa
Disaster Risk Management,united_nations
Disaster Risk Management,national_water_authority
Disaster Risk Management,unesco
Disaster Risk Management,unece
Disaster Risk Management,euwi
Disaster Risk Management,ofwat
Climate Change,inea
Climate Change,national_water_commission
Climate Change,cnrh
Climate Change,mvcs
Climate Change,aysa
Climate Change,onas
Climate Change,k-water
Climate Change,molit
Climate Change,environment_agency
Climate Change,merese
